{
  "string": [
    {
      "name": "module_desc",
      "value": "module description"
    },
    {
      "name": "EntryAbility_desc",
      "value": "description"
    },
    {
      "name": "EntryAbility_label",
      "value": "MrBulb"
    },
    {
      "name": "EntryFormAbility_desc",
      "value": "form_description"
    },
    {
      "name": "EntryFormAbility_label",
      "value": "form_label"
    },
    {
      "name": "wearable_card_desc",
      "value": "This is a service widget."
    },
    {
      "name": "wearable_card_display_name",
      "value": "MrBulb"
    }
  ]
}