{
  "forms": [
    {
      "name": "wearable_card",
      "displayName": "$string:wearable_card_display_name",
      "description": "$string:wearable_card_desc",
      "src": "./ets/wearable_card/pages/Wearable_cardCard.ets",
      "uiSyntax": "arkts",
      "window": {
        "designWidth": 720,
        "autoDesignWidth": true
      },
      "colorMode": "auto",
      "isDynamic": true,
      "isDefault": true,
      "updateEnabled": false,
      "scheduledUpdateTime": "10:30",
      "updateDuration": 1,
      "defaultDimension": "2*3",
      "supportDimensions": [
        "2*3"
      ],
      "previewImages": [
        "$media:1",
        "$media:1"
      ]
    }
  ]
}